,Accuracy,Precision,Recall,F1,MCC,AUC,AUPRC
com ajusto fino - 3 epochs,0.9541666666666667,0.9596541786743515,0.9460227272727273,0.9527896995708155,0.9083474702782036,0.9923110177865613,0.992855677738808
