,Accuracy,Precision,Recall,F1,MCC,AUC,AUPRC
com ajusto fino - 5 epochs,0.9285714285714286,1.0,0.8571428571428571,0.923076923076923,0.8660254037844387,0.9591836734693878,0.9617346938775508
