,Accuracy,Precision,Recall,F1,MCC,AUC,AUPRC
com ajusto fino - 3 epochs,0.8571428571428571,1.0,0.7142857142857143,0.8333333333333333,0.7453559924999299,0.8775510204081632,0.8917233560090703
