epoch,Training Loss,Valid. Loss,Valid. Accur.,Training Time,Validation Time
1,0.3096311080929202,0.1478111730164124,0.9444444444444444,0:08:49,0:00:25
2,0.11739352766760729,0.1647999373730272,0.9513888888888888,0:08:52,0:00:25
3,0.04745807595512209,0.22022742868025993,0.9513888888888888,0:08:52,0:00:25
4,0.01389201407461466,0.23623506355506835,0.9527777777777777,0:08:52,0:00:25
5,0.005151338668494847,0.22186158274610837,0.9569444444444445,0:08:52,0:00:25
