,Accuracy,Precision,Recall,F1,MCC,AUC,AUPRC
com ajusto fino - 3 epochs,0.8,0.8461538461538461,0.7333333333333333,0.7857142857142856,0.6054055145966812,0.8222222222222222,0.8044558056322763
