,Accuracy,Precision,Recall,F1,MCC,AUC,AUPRC
com ajusto fino - 5 epochs,0.9597222222222223,0.958005249343832,0.9656084656084656,0.9617918313570487,0.9192409091089044,0.9949333209567127,0.9945996803112342
