,Accuracy,Precision,Recall,F1,MCC,AUC,AUPRC
com ajusto fino - 5 epochs,0.8333333333333334,0.9166666666666666,0.7333333333333333,0.8148148148148148,0.6804138174397717,0.8533333333333334,0.8583134294899
