epoch,Training Loss,Valid. Loss,Valid. Accur.,Training Time,Validation Time
1,0.31652806216540436,0.13762485716078016,0.9486111111111111,0:08:54,0:00:25
2,0.10347607886619194,0.16938972629917165,0.9541666666666667,0:08:53,0:00:25
3,0.037169307355361524,0.19230140950660118,0.9555555555555556,0:08:52,0:00:25
