,Accuracy,Precision,Recall,F1,MCC,AUC,AUPRC
sem ajusto fino - 5 epochs,0.6428571428571429,0.5833333333333334,1.0,0.7368421052631579,0.40824829046386296,0.8163265306122448,0.8319727891156461
