,Accuracy,Precision,Recall,F1,MCC,AUC,AUPRC
sem ajusto fino - 3 epochs,0.6428571428571429,0.625,0.7142857142857143,0.6666666666666666,0.28867513459481287,0.7959183673469388,0.8353741496598639
