,Accuracy,Precision,Recall,F1,MCC,AUC,AUPRC
sem ajusto fino - 5 epochs,0.5666666666666667,0.5454545454545454,0.8,0.6486486486486486,0.15075567228888181,0.7111111111111111,0.6268854238296963
