,Accuracy,Precision,Recall,F1,MCC,AUC,AUPRC
sem ajusto fino - 3 epochs,0.6333333333333333,0.7,0.4666666666666667,0.56,0.282842712474619,0.6177777777777778,0.5661106162872888
