,Accuracy,Precision,Recall,F1,MCC,AUC,AUPRC
sem ajusto fino - 3 epochs,0.6055555555555555,0.549889135254989,0.7537993920972644,0.635897435897436,0.24159218781947864,0.6934599926927293,0.7022420272826928
