epoch,Training Loss,Valid. Loss,Valid. Accur.,Training Time,Validation Time
1,0.6969281481371985,0.6878184265560574,0.5694444444444444,0:04:46,0:00:33
2,0.6874579540557332,0.6835531102286445,0.6041666666666666,0:04:50,0:00:33
3,0.6847691885299153,0.6821668903032939,0.5972222222222222,0:05:34,0:00:41
