epoch,Training Loss,Valid. Loss,Valid. Accur.,Training Time,Validation Time
1,0.6947280539406671,0.686169081264072,0.5541666666666667,0:04:48,0:00:32
2,0.6865087590283818,0.6808054831292895,0.6055555555555555,0:04:45,0:00:35
3,0.680838499797715,0.6760075555907356,0.6458333333333334,0:04:59,0:00:40
4,0.6781080197956827,0.6735544257693821,0.6611111111111111,0:05:42,0:00:41
5,0.6772735221518411,0.6726451701588101,0.6666666666666666,0:05:43,0:00:39
