,Accuracy,Precision,Recall,F1,MCC,AUC,AUPRC
sem ajusto fino - 5 epochs,0.6583333333333333,0.6467532467532467,0.6935933147632312,0.6693548387096774,0.3176276004221141,0.7294037762637058,0.7125299587995501
