,with stopwords,without stopwords
algorithm,accuracy,accuracy
SVM,0.5963888888888889,0.5670833333333333
MLP,0.5886111111111111,0.5779166666666666
RF,0.5852777777777778,0.575138888888889
NB,0.5683333333333334,0.5154166666666666
KNN,0.5447222222222222,0.5336111111111111
DT,0.5361111111111111,0.5238888888888888
