,with stopwords,without stopwords
algorithm,accuracy,accuracy
MLP,0.6079166666666667,0.6118055555555555
RF,0.5973611111111111,0.5983333333333333
SVM,0.5951388888888889,0.5462499999999999
NB,0.5651388888888889,0.5081944444444444
KNN,0.5538888888888888,0.5375
DT,0.5359722222222222,0.5376388888888888
