,with stopwords,without stopwords
algorithm,accuracy,accuracy
MLP,0.6051388888888889,0.6034722222222222
SVM,0.5990277777777778,0.5793055555555556
RF,0.5938888888888888,0.5923611111111111
NB,0.5898611111111112,0.5681944444444446
KNN,0.5454166666666667,0.5368055555555555
DT,0.5409722222222222,0.5447222222222222
