,with stopwords,without stopwords
algorithm,accuracy,accuracy
SVM,0.5895833333333333,0.5495833333333333
MLP,0.5879166666666666,0.5695833333333333
RF,0.5737499999999999,0.5719444444444445
NB,0.5619444444444446,0.5143055555555556
DT,0.5422222222222222,0.5313888888888888
KNN,0.5409722222222222,0.5227777777777778
