,with stopwords,without stopwords
algorithm,accuracy,accuracy
RF,0.5168055555555556,0.55
SVM,0.5130555555555556,0.5454166666666667
DT,0.5126388888888889,0.522638888888889
MLP,0.5090277777777779,0.5526388888888889
NB,0.5075,0.5058333333333334
KNN,0.49388888888888893,0.5294444444444444
