,with stopwords,without stopwords
algorithm,accuracy,accuracy
MLP,0.5862499999999999,0.5869444444444445
SVM,0.5730555555555555,0.5734722222222223
RF,0.5669444444444445,0.5706944444444445
NB,0.551111111111111,0.55125
KNN,0.5440277777777778,0.54375
DT,0.53,0.5306944444444445
