,with stopwords,without stopwords
algorithm,accuracy,accuracy
MLP,0.6043055555555555,0.5972222222222222
RF,0.5995833333333334,0.6
KNN,0.5427777777777778,0.5445833333333333
SVM,0.5379166666666666,0.5879166666666666
DT,0.5352777777777777,0.5395833333333334
NB,0.515,0.56125
