,with stopwords,without stopwords
algorithm,accuracy,accuracy
MLP,0.5397222222222222,0.5773611111111111
RF,0.53375,0.5530555555555555
DT,0.5084722222222222,0.52
KNN,0.5034722222222222,0.5204166666666667
NB,0.4997222222222222,0.5104166666666666
SVM,0.4969444444444445,0.4990277777777778
